Datetime,Water Level (m)
2026-10-02 06:00:00,0.63406485
2026-10-02 07:00:00,0.8403151
2026-10-02 08:00:00,0.8544527
2026-10-02 09:00:00,0.6561216
2026-10-02 10:00:00,0.3341476
2026-10-02 11:00:00,-0.018784136
2026-10-02 12:00:00,-0.35594055
2026-10-02 13:00:00,-0.5931179
2026-10-02 14:00:00,-0.6668465
2026-10-02 15:00:00,-0.47604483
2026-10-02 16:00:00,-0.102919325
2026-10-02 17:00:00,0.2937107
2026-10-02 18:00:00,0.6646542
2026-10-02 19:00:00,0.9627302
2026-10-02 20:00:00,1.0921977
2026-10-02 21:00:00,1.0241019
2026-10-02 22:00:00,0.7813469
2026-10-02 23:00:00,0.47231194
2026-10-03 00:00:00,0.14881498
2026-10-03 01:00:00,-0.131615
2026-10-03 02:00:00,-0.33705267
2026-10-03 03:00:00,-0.40019003
2026-10-03 04:00:00,-0.2679767
2026-10-03 05:00:00,0.0038977514
2026-10-03 06:00:00,0.2917996
2026-10-03 07:00:00,0.54062754
2026-10-03 08:00:00,0.6946823
2026-10-03 09:00:00,0.6968813
2026-10-03 10:00:00,0.5378977
2026-10-03 11:00:00,0.29172224
2026-10-03 12:00:00,0.024162361
2026-10-03 13:00:00,-0.21801583
2026-10-03 14:00:00,-0.40182197
2026-10-03 15:00:00,-0.45932543
2026-10-03 16:00:00,-0.3260136
2026-10-03 17:00:00,-0.055684745
2026-10-03 18:00:00,0.24962814
2026-10-03 19:00:00,0.5563998
2026-10-03 20:00:00,0.8236294
2026-10-03 21:00:00,0.96995413
2026-10-03 22:00:00,0.9620719
2026-10-03 23:00:00,0.79397297
2026-10-04 00:00:00,0.5440406
2026-10-04 01:00:00,0.26835364
2026-10-04 02:00:00,-0.0055988724
2026-10-04 03:00:00,-0.20901129
2026-10-04 04:00:00,-0.31584528
2026-10-04 05:00:00,-0.28171882
2026-10-04 06:00:00,-0.10979244
2026-10-04 07:00:00,0.11987246
2026-10-04 08:00:00,0.35362425
2026-10-04 09:00:00,0.54185474
2026-10-04 10:00:00,0.6317566
2026-10-04 11:00:00,0.5994002
2026-10-04 12:00:00,0.4514264
2026-10-04 13:00:00,0.2347868
2026-10-04 14:00:00,-0.0012285528
2026-10-04 15:00:00,-0.20643237
2026-10-04 16:00:00,-0.33536002
2026-10-04 17:00:00,-0.33196917
2026-10-04 18:00:00,-0.16412753
2026-10-04 19:00:00,0.09028264
2026-10-04 20:00:00,0.379491
2026-10-04 21:00:00,0.6619174
2026-10-04 22:00:00,0.8676566
2026-10-04 23:00:00,0.9531497
2026-10-05 00:00:00,0.8944971
2026-10-05 01:00:00,0.6975747
2026-10-05 02:00:00,0.42567235
2026-10-05 03:00:00,0.13204965
2026-10-05 04:00:00,-0.13913353
2026-10-05 05:00:00,-0.33749643
2026-10-05 06:00:00,-0.40775025
2026-10-05 07:00:00,-0.31567138
2026-10-05 08:00:00,-0.073611125
2026-10-05 09:00:00,0.2158478
2026-10-05 10:00:00,0.4796744
2026-10-05 11:00:00,0.6744879
2026-10-05 12:00:00,0.7449457
2026-10-05 13:00:00,0.67370117
2026-10-05 14:00:00,0.47124913
2026-10-05 15:00:00,0.19879949
2026-10-05 16:00:00,-0.07093545
2026-10-05 17:00:00,-0.2876153
2026-10-05 18:00:00,-0.4018862
2026-10-05 19:00:00,-0.3584279
2026-10-05 20:00:00,-0.11532052
2026-10-05 21:00:00,0.21120955
2026-10-05 22:00:00,0.54580677
2026-10-05 23:00:00,0.84221435
2026-10-06 00:00:00,1.018601
2026-10-06 01:00:00,1.0308284
2026-10-06 02:00:00,0.8449873
2026-10-06 03:00:00,0.5300158
2026-10-06 04:00:00,0.17441854
2026-10-06 05:00:00,-0.1624057
2026-10-06 06:00:00,-0.4256367
2026-10-06 07:00:00,-0.561239
2026-10-06 08:00:00,-0.49966082
2026-10-06 09:00:00,-0.2050536
2026-10-06 10:00:00,0.1591072
2026-10-06 11:00:00,0.5111276
2026-10-06 12:00:00,0.79601365
2026-10-06 13:00:00,0.948405
2026-10-06 14:00:00,0.92180675
2026-10-06 15:00:00,0.67697984
2026-10-06 16:00:00,0.3337498
2026-10-06 17:00:00,-0.02335265
2026-10-06 18:00:00,-0.3355309
2026-10-06 19:00:00,-0.53171706
2026-10-06 20:00:00,-0.5431587
2026-10-06 21:00:00,-0.27123818
2026-10-06 22:00:00,0.11891686
2026-10-06 23:00:00,0.5212555
2026-10-07 00:00:00,0.8831835
2026-10-07 01:00:00,1.1137588
2026-10-07 02:00:00,1.1253911
2026-10-07 03:00:00,0.8975349
2026-10-07 04:00:00,0.52745605
2026-10-07 05:00:00,0.11824402
2026-10-07 06:00:00,-0.25687727
2026-10-07 07:00:00,-0.5623511
2026-10-07 08:00:00,-0.72249436
2026-10-07 09:00:00,-0.64170355
2026-10-07 10:00:00,-0.26100698
2026-10-07 11:00:00,0.1738277
2026-10-07 12:00:00,0.6031664
2026-10-07 13:00:00,0.95075655
2026-10-07 14:00:00,1.1142371
2026-10-07 15:00:00,1.0307665
2026-10-07 16:00:00,0.7079256
2026-10-07 17:00:00,0.3136846
2026-10-07 18:00:00,-0.089507416
2026-10-07 19:00:00,-0.43239447
2026-10-07 20:00:00,-0.65466285
2026-10-07 21:00:00,-0.65986127
2026-10-07 22:00:00,-0.3375939
2026-10-07 23:00:00,0.11460236
2026-10-08 00:00:00,0.58668494
2026-10-08 01:00:00,0.9975043
2026-10-08 02:00:00,1.231235
2026-10-08 03:00:00,1.1946559
2026-10-08 04:00:00,0.884129
2026-10-08 05:00:00,0.45824435
2026-10-08 06:00:00,0.0132284975
